leg,true_ms,detector,viewpoint,status,recovered_ms,expected_ms,err_ms,bridge_delay_ms,measured_bridge_delay_ms,concealed_pct,late,lost,reordered
clean,100.0,energy,model,ok,114.99999999999977,100.0,14.999999999999773,60.0,60.00000000000006,0.0,0,0,0
clean,100.0,energy,sip,ok,174.99999999999983,160.0,14.99999999999983,60.0,60.00000000000006,0.0,0,0,0
clean,100.0,silero,model,ok,108.0000000000001,100.0,8.0000000000001,60.0,72.00000000000007,0.0,0,0,0
clean,100.0,silero,sip,ok,180.00000000000017,160.0,20.00000000000017,60.0,72.00000000000007,0.0,0,0,0
clean,200.0,energy,model,ok,214.99999999999986,200.0,14.999999999999858,60.0,64.99999999999997,0.0,0,0,0
clean,200.0,energy,sip,ok,279.99999999999983,260.0,19.99999999999983,60.0,64.99999999999997,0.0,0,0,0
clean,200.0,silero,model,ok,203.99999999999974,200.0,3.999999999999744,60.0,72.00000000000003,0.0,0,0,0
clean,200.0,silero,sip,ok,275.9999999999998,260.0,15.999999999999773,60.0,72.00000000000003,0.0,0,0,0
clean,500.0,energy,model,ok,520.0,500.0,20.0,60.0,60.000000000000114,0.0,0,0,0
clean,500.0,energy,sip,ok,580.0000000000001,560.0,20.000000000000114,60.0,60.000000000000114,0.0,0,0,0
clean,500.0,silero,model,ok,524.0,500.0,24.0,60.0,40.0,0.0,0,0,0
clean,500.0,silero,sip,ok,564.0,560.0,4.0,60.0,40.0,0.0,0,0,0
clean,900.0,energy,model,ok,915.0,900.0,15.0,60.0,65.0,0.0,0,0,0
clean,900.0,energy,sip,ok,980.0,960.0,20.0,60.0,65.0,0.0,0,0,0
clean,900.0,silero,model,ok,907.9999999999999,900.0,7.999999999999886,60.0,72.00000000000011,0.0,0,0,0
clean,900.0,silero,sip,ok,980.0,960.0,20.0,60.0,72.00000000000011,0.0,0,0,0
clean,1200.0,energy,model,ok,1219.9999999999998,1200.0,19.999999999999773,60.0,60.0,0.0,0,0,0
clean,1200.0,energy,sip,ok,1279.9999999999998,1260.0,19.999999999999773,60.0,60.0,0.0,0,0,0
clean,1200.0,silero,model,ok,1227.9999999999998,1200.0,27.999999999999773,60.0,40.0,0.0,0,0,0
clean,1200.0,silero,sip,ok,1267.9999999999998,1260.0,7.999999999999773,60.0,40.0,0.0,0,0,0
pstn_band,100.0,energy,model,ok,114.99999999999977,100.0,14.999999999999773,60.0,60.00000000000006,0.0,0,0,0
pstn_band,100.0,energy,sip,ok,174.99999999999983,160.0,14.99999999999983,60.0,60.00000000000006,0.0,0,0,0
pstn_band,100.0,silero,model,ok,108.0000000000001,100.0,8.0000000000001,60.0,72.00000000000007,0.0,0,0,0
pstn_band,100.0,silero,sip,ok,180.00000000000017,160.0,20.00000000000017,60.0,72.00000000000007,0.0,0,0,0
pstn_band,200.0,energy,model,ok,214.99999999999986,200.0,14.999999999999858,60.0,64.99999999999997,0.0,0,0,0
pstn_band,200.0,energy,sip,ok,279.99999999999983,260.0,19.99999999999983,60.0,64.99999999999997,0.0,0,0,0
pstn_band,200.0,silero,model,ok,203.99999999999974,200.0,3.999999999999744,60.0,72.00000000000003,0.0,0,0,0
pstn_band,200.0,silero,sip,ok,275.9999999999998,260.0,15.999999999999773,60.0,72.00000000000003,0.0,0,0,0
pstn_band,500.0,energy,model,ok,520.0,500.0,20.0,60.0,60.000000000000114,0.0,0,0,0
pstn_band,500.0,energy,sip,ok,580.0000000000001,560.0,20.000000000000114,60.0,60.000000000000114,0.0,0,0,0
pstn_band,500.0,silero,model,ok,524.0,500.0,24.0,60.0,40.0,0.0,0,0,0
pstn_band,500.0,silero,sip,ok,564.0,560.0,4.0,60.0,40.0,0.0,0,0,0
pstn_band,900.0,energy,model,ok,915.0,900.0,15.0,60.0,65.0,0.0,0,0,0
pstn_band,900.0,energy,sip,ok,980.0,960.0,20.0,60.0,65.0,0.0,0,0,0
pstn_band,900.0,silero,model,ok,907.9999999999999,900.0,7.999999999999886,60.0,72.00000000000011,0.0,0,0,0
pstn_band,900.0,silero,sip,ok,980.0,960.0,20.0,60.0,72.00000000000011,0.0,0,0,0
pstn_band,1200.0,energy,model,ok,1219.9999999999998,1200.0,19.999999999999773,60.0,60.0,0.0,0,0,0
pstn_band,1200.0,energy,sip,ok,1279.9999999999998,1260.0,19.999999999999773,60.0,60.0,0.0,0,0,0
pstn_band,1200.0,silero,model,ok,1227.9999999999998,1200.0,27.999999999999773,60.0,40.0,0.0,0,0,0
pstn_band,1200.0,silero,sip,ok,1267.9999999999998,1260.0,7.999999999999773,60.0,40.0,0.0,0,0,0
noise_20db,100.0,energy,model,ok,114.99999999999977,100.0,14.999999999999773,60.0,60.00000000000006,0.0,0,0,0
noise_20db,100.0,energy,sip,ok,174.99999999999983,160.0,14.99999999999983,60.0,60.00000000000006,0.0,0,0,0
noise_20db,100.0,silero,model,ok,108.0000000000001,100.0,8.0000000000001,60.0,72.00000000000007,0.0,0,0,0
noise_20db,100.0,silero,sip,ok,180.00000000000017,160.0,20.00000000000017,60.0,72.00000000000007,0.0,0,0,0
noise_20db,200.0,energy,model,ok,214.99999999999986,200.0,14.999999999999858,60.0,64.99999999999997,0.0,0,0,0
noise_20db,200.0,energy,sip,ok,279.99999999999983,260.0,19.99999999999983,60.0,64.99999999999997,0.0,0,0,0
noise_20db,200.0,silero,model,ok,203.99999999999974,200.0,3.999999999999744,60.0,72.00000000000003,0.0,0,0,0
noise_20db,200.0,silero,sip,ok,275.9999999999998,260.0,15.999999999999773,60.0,72.00000000000003,0.0,0,0,0
noise_20db,500.0,energy,model,ok,520.0,500.0,20.0,60.0,60.000000000000114,0.0,0,0,0
noise_20db,500.0,energy,sip,ok,580.0000000000001,560.0,20.000000000000114,60.0,60.000000000000114,0.0,0,0,0
noise_20db,500.0,silero,model,ok,524.0,500.0,24.0,60.0,40.0,0.0,0,0,0
noise_20db,500.0,silero,sip,ok,564.0,560.0,4.0,60.0,40.0,0.0,0,0,0
noise_20db,900.0,energy,model,ok,915.0,900.0,15.0,60.0,65.0,0.0,0,0,0
noise_20db,900.0,energy,sip,ok,980.0,960.0,20.0,60.0,65.0,0.0,0,0,0
noise_20db,900.0,silero,model,ok,907.9999999999999,900.0,7.999999999999886,60.0,72.00000000000011,0.0,0,0,0
noise_20db,900.0,silero,sip,ok,980.0,960.0,20.0,60.0,72.00000000000011,0.0,0,0,0
noise_20db,1200.0,energy,model,ok,1219.9999999999998,1200.0,19.999999999999773,60.0,60.0,0.0,0,0,0
noise_20db,1200.0,energy,sip,ok,1279.9999999999998,1260.0,19.999999999999773,60.0,60.0,0.0,0,0,0
noise_20db,1200.0,silero,model,ok,1227.9999999999998,1200.0,27.999999999999773,60.0,40.0,0.0,0,0,0
noise_20db,1200.0,silero,sip,ok,1267.9999999999998,1260.0,7.999999999999773,60.0,40.0,0.0,0,0,0
loss_1pct,100.0,energy,model,ok,114.99999999999977,100.0,14.999999999999773,60.0,60.00000000000006,1.1869436201780417,0,4,0
loss_1pct,100.0,energy,sip,ok,174.99999999999983,160.0,14.99999999999983,60.0,60.00000000000006,1.1869436201780417,0,4,0
loss_1pct,100.0,silero,model,ok,108.0000000000001,100.0,8.0000000000001,60.0,72.00000000000007,1.1869436201780417,0,4,0
loss_1pct,100.0,silero,sip,ok,180.00000000000017,160.0,20.00000000000017,60.0,72.00000000000007,1.1869436201780417,0,4,0
loss_1pct,200.0,energy,model,ok,214.99999999999986,200.0,14.999999999999858,60.0,64.99999999999997,1.1869436201780417,0,4,0
loss_1pct,200.0,energy,sip,ok,279.99999999999983,260.0,19.99999999999983,60.0,64.99999999999997,1.1869436201780417,0,4,0
loss_1pct,200.0,silero,model,ok,203.99999999999974,200.0,3.999999999999744,60.0,72.00000000000003,1.1869436201780417,0,4,0
loss_1pct,200.0,silero,sip,ok,275.9999999999998,260.0,15.999999999999773,60.0,72.00000000000003,1.1869436201780417,0,4,0
loss_1pct,500.0,energy,model,ok,520.0,500.0,20.0,60.0,60.000000000000114,1.1869436201780417,0,4,0
loss_1pct,500.0,energy,sip,ok,580.0000000000001,560.0,20.000000000000114,60.0,60.000000000000114,1.1869436201780417,0,4,0
loss_1pct,500.0,silero,model,ok,524.0,500.0,24.0,60.0,40.0,1.1869436201780417,0,4,0
loss_1pct,500.0,silero,sip,ok,564.0,560.0,4.0,60.0,40.0,1.1869436201780417,0,4,0
loss_1pct,900.0,energy,model,ok,915.0,900.0,15.0,60.0,65.0,1.1869436201780417,0,4,0
loss_1pct,900.0,energy,sip,ok,980.0,960.0,20.0,60.0,65.0,1.1869436201780417,0,4,0
loss_1pct,900.0,silero,model,ok,907.9999999999999,900.0,7.999999999999886,60.0,72.00000000000011,1.1869436201780417,0,4,0
loss_1pct,900.0,silero,sip,ok,980.0,960.0,20.0,60.0,72.00000000000011,1.1869436201780417,0,4,0
loss_1pct,1200.0,energy,model,ok,1219.9999999999998,1200.0,19.999999999999773,60.0,60.0,1.1869436201780417,0,4,0
loss_1pct,1200.0,energy,sip,ok,1279.9999999999998,1260.0,19.999999999999773,60.0,60.0,1.1869436201780417,0,4,0
loss_1pct,1200.0,silero,model,ok,1227.9999999999998,1200.0,27.999999999999773,60.0,40.0,1.1869436201780417,0,4,0
loss_1pct,1200.0,silero,sip,ok,1267.9999999999998,1260.0,7.999999999999773,60.0,40.0,1.1869436201780417,0,4,0
loss_5pct_bursty,100.0,energy,model,ok,114.99999999999977,100.0,14.999999999999773,60.0,60.00000000000006,5.389221556886228,0,18,0
loss_5pct_bursty,100.0,energy,sip,ok,174.99999999999983,160.0,14.99999999999983,60.0,60.00000000000006,5.389221556886228,0,18,0
loss_5pct_bursty,100.0,silero,model,ok,108.0000000000001,100.0,8.0000000000001,60.0,72.00000000000007,5.389221556886228,0,18,0
loss_5pct_bursty,100.0,silero,sip,ok,180.00000000000017,160.0,20.00000000000017,60.0,72.00000000000007,5.389221556886228,0,18,0
loss_5pct_bursty,200.0,energy,model,ok,214.99999999999986,200.0,14.999999999999858,60.0,64.99999999999997,5.389221556886228,0,18,0
loss_5pct_bursty,200.0,energy,sip,ok,279.99999999999983,260.0,19.99999999999983,60.0,64.99999999999997,5.389221556886228,0,18,0
loss_5pct_bursty,200.0,silero,model,ok,203.99999999999974,200.0,3.999999999999744,60.0,72.00000000000003,5.389221556886228,0,18,0
loss_5pct_bursty,200.0,silero,sip,ok,275.9999999999998,260.0,15.999999999999773,60.0,72.00000000000003,5.389221556886228,0,18,0
loss_5pct_bursty,500.0,energy,model,ok,520.0,500.0,20.0,60.0,60.000000000000114,5.389221556886228,0,18,0
loss_5pct_bursty,500.0,energy,sip,ok,580.0000000000001,560.0,20.000000000000114,60.0,60.000000000000114,5.389221556886228,0,18,0
loss_5pct_bursty,500.0,silero,model,ok,524.0,500.0,24.0,60.0,40.0,5.389221556886228,0,18,0
loss_5pct_bursty,500.0,silero,sip,ok,564.0,560.0,4.0,60.0,40.0,5.389221556886228,0,18,0
loss_5pct_bursty,900.0,energy,model,ok,915.0,900.0,15.0,60.0,65.0,5.389221556886228,0,18,0
loss_5pct_bursty,900.0,energy,sip,ok,980.0,960.0,20.0,60.0,65.0,5.389221556886228,0,18,0
loss_5pct_bursty,900.0,silero,model,ok,907.9999999999999,900.0,7.999999999999886,60.0,72.00000000000011,5.389221556886228,0,18,0
loss_5pct_bursty,900.0,silero,sip,ok,980.0,960.0,20.0,60.0,72.00000000000011,5.389221556886228,0,18,0
loss_5pct_bursty,1200.0,energy,model,ok,1219.9999999999998,1200.0,19.999999999999773,60.0,60.0,5.389221556886228,0,18,0
loss_5pct_bursty,1200.0,energy,sip,ok,1279.9999999999998,1260.0,19.999999999999773,60.0,60.0,5.389221556886228,0,18,0
loss_5pct_bursty,1200.0,silero,model,ok,1227.9999999999998,1200.0,27.999999999999773,60.0,40.0,5.389221556886228,0,18,0
loss_5pct_bursty,1200.0,silero,sip,ok,1267.9999999999998,1260.0,7.999999999999773,60.0,40.0,5.389221556886228,0,18,0
jitter_15ms,100.0,energy,model,ok,114.99999999999977,100.0,14.999999999999773,60.0,60.00000000000006,0.0,0,0,0
jitter_15ms,100.0,energy,sip,ok,174.99999999999983,160.0,14.99999999999983,60.0,60.00000000000006,0.0,0,0,0
jitter_15ms,100.0,silero,model,ok,108.0000000000001,100.0,8.0000000000001,60.0,72.00000000000007,0.0,0,0,0
jitter_15ms,100.0,silero,sip,ok,180.00000000000017,160.0,20.00000000000017,60.0,72.00000000000007,0.0,0,0,0
jitter_15ms,200.0,energy,model,ok,214.99999999999986,200.0,14.999999999999858,60.0,64.99999999999997,0.0,0,0,0
jitter_15ms,200.0,energy,sip,ok,279.99999999999983,260.0,19.99999999999983,60.0,64.99999999999997,0.0,0,0,0
jitter_15ms,200.0,silero,model,ok,203.99999999999974,200.0,3.999999999999744,60.0,72.00000000000003,0.0,0,0,0
jitter_15ms,200.0,silero,sip,ok,275.9999999999998,260.0,15.999999999999773,60.0,72.00000000000003,0.0,0,0,0
jitter_15ms,500.0,energy,model,ok,520.0,500.0,20.0,60.0,60.000000000000114,0.0,0,0,0
jitter_15ms,500.0,energy,sip,ok,580.0000000000001,560.0,20.000000000000114,60.0,60.000000000000114,0.0,0,0,0
jitter_15ms,500.0,silero,model,ok,524.0,500.0,24.0,60.0,40.0,0.0,0,0,0
jitter_15ms,500.0,silero,sip,ok,564.0,560.0,4.0,60.0,40.0,0.0,0,0,0
jitter_15ms,900.0,energy,model,ok,915.0,900.0,15.0,60.0,65.0,0.0,0,0,0
jitter_15ms,900.0,energy,sip,ok,980.0,960.0,20.0,60.0,65.0,0.0,0,0,0
jitter_15ms,900.0,silero,model,ok,907.9999999999999,900.0,7.999999999999886,60.0,72.00000000000011,0.0,0,0,0
jitter_15ms,900.0,silero,sip,ok,980.0,960.0,20.0,60.0,72.00000000000011,0.0,0,0,0
jitter_15ms,1200.0,energy,model,ok,1219.9999999999998,1200.0,19.999999999999773,60.0,60.0,0.0,0,0,0
jitter_15ms,1200.0,energy,sip,ok,1279.9999999999998,1260.0,19.999999999999773,60.0,60.0,0.0,0,0,0
jitter_15ms,1200.0,silero,model,ok,1227.9999999999998,1200.0,27.999999999999773,60.0,40.0,0.0,0,0,0
jitter_15ms,1200.0,silero,sip,ok,1267.9999999999998,1260.0,7.999999999999773,60.0,40.0,0.0,0,0,0
jitter_80ms,100.0,energy,model,ok,114.99999999999977,100.0,14.999999999999773,60.0,60.00000000000006,42.13649851632047,142,0,116
jitter_80ms,100.0,energy,sip,ok,174.99999999999983,160.0,14.99999999999983,60.0,60.00000000000006,42.13649851632047,142,0,116
jitter_80ms,100.0,silero,model,ok,108.0000000000001,100.0,8.0000000000001,60.0,72.00000000000007,42.13649851632047,142,0,116
jitter_80ms,100.0,silero,sip,ok,180.00000000000017,160.0,20.00000000000017,60.0,72.00000000000007,42.13649851632047,142,0,116
jitter_80ms,200.0,energy,model,ok,214.99999999999986,200.0,14.999999999999858,60.0,64.99999999999997,42.13649851632047,142,0,116
jitter_80ms,200.0,energy,sip,ok,279.99999999999983,260.0,19.99999999999983,60.0,64.99999999999997,42.13649851632047,142,0,116
jitter_80ms,200.0,silero,model,ok,203.99999999999974,200.0,3.999999999999744,60.0,72.00000000000003,42.13649851632047,142,0,116
jitter_80ms,200.0,silero,sip,ok,275.9999999999998,260.0,15.999999999999773,60.0,72.00000000000003,42.13649851632047,142,0,116
jitter_80ms,500.0,energy,model,ok,520.0,500.0,20.0,60.0,60.000000000000114,42.13649851632047,142,0,116
jitter_80ms,500.0,energy,sip,ok,580.0000000000001,560.0,20.000000000000114,60.0,60.000000000000114,42.13649851632047,142,0,116
jitter_80ms,500.0,silero,model,ok,524.0,500.0,24.0,60.0,40.0,42.13649851632047,142,0,116
jitter_80ms,500.0,silero,sip,ok,564.0,560.0,4.0,60.0,40.0,42.13649851632047,142,0,116
jitter_80ms,900.0,energy,model,ok,915.0,900.0,15.0,60.0,65.0,42.13649851632047,142,0,116
jitter_80ms,900.0,energy,sip,ok,980.0,960.0,20.0,60.0,65.0,42.13649851632047,142,0,116
jitter_80ms,900.0,silero,model,ok,907.9999999999999,900.0,7.999999999999886,60.0,72.00000000000011,42.13649851632047,142,0,116
jitter_80ms,900.0,silero,sip,ok,980.0,960.0,20.0,60.0,72.00000000000011,42.13649851632047,142,0,116
jitter_80ms,1200.0,energy,model,ok,1219.9999999999998,1200.0,19.999999999999773,60.0,60.0,42.13649851632047,142,0,116
jitter_80ms,1200.0,energy,sip,ok,1279.9999999999998,1260.0,19.999999999999773,60.0,60.0,42.13649851632047,142,0,116
jitter_80ms,1200.0,silero,model,ok,1227.9999999999998,1200.0,27.999999999999773,60.0,40.0,42.13649851632047,142,0,116
jitter_80ms,1200.0,silero,sip,ok,1267.9999999999998,1260.0,7.999999999999773,60.0,40.0,42.13649851632047,142,0,116
drift_200ppm,100.0,energy,model,ok,114.43749999999974,100.0,14.437499999999744,60.0,60.00000000000006,0.0,0,0,0
drift_200ppm,100.0,energy,sip,ok,174.4374999999998,160.0,14.437499999999801,60.0,60.00000000000006,0.0,0,0,0
drift_200ppm,100.0,silero,model,ok,107.43750000000007,100.0,7.437500000000071,60.0,72.00000000000007,0.0,0,0,0
drift_200ppm,100.0,silero,sip,ok,179.43750000000014,160.0,19.437500000000142,60.0,72.00000000000007,0.0,0,0,0
drift_200ppm,200.0,energy,model,ok,214.43749999999983,200.0,14.43749999999983,60.0,64.99999999999994,0.0,0,0,0
drift_200ppm,200.0,energy,sip,ok,279.4374999999998,260.0,19.437499999999773,60.0,64.99999999999994,0.0,0,0,0
drift_200ppm,200.0,silero,model,ok,203.43749999999972,200.0,3.437499999999716,60.0,72.00000000000006,0.0,0,0,0
drift_200ppm,200.0,silero,sip,ok,275.4374999999998,260.0,15.437499999999773,60.0,72.00000000000006,0.0,0,0,0
drift_200ppm,500.0,energy,model,ok,519.4375,500.0,19.4375,60.0,60.0,0.0,0,0,0
drift_200ppm,500.0,energy,sip,ok,579.4375,560.0,19.4375,60.0,60.0,0.0,0,0,0
drift_200ppm,500.0,silero,model,ok,523.4375,500.0,23.4375,60.0,40.0,0.0,0,0,0
drift_200ppm,500.0,silero,sip,ok,563.4375,560.0,3.4375,60.0,40.0,0.0,0,0,0
drift_200ppm,900.0,energy,model,ok,914.4375,900.0,14.4375,60.0,65.0,0.0,0,0,0
drift_200ppm,900.0,energy,sip,ok,979.4375,960.0,19.4375,60.0,65.0,0.0,0,0,0
drift_200ppm,900.0,silero,model,ok,907.4374999999999,900.0,7.437499999999886,60.0,72.00000000000011,0.0,0,0,0
drift_200ppm,900.0,silero,sip,ok,979.4375,960.0,19.4375,60.0,72.00000000000011,0.0,0,0,0
drift_200ppm,1200.0,energy,model,ok,1219.4374999999998,1200.0,19.437499999999773,60.0,60.0,0.0,0,0,0
drift_200ppm,1200.0,energy,sip,ok,1279.4374999999998,1260.0,19.437499999999773,60.0,60.0,0.0,0,0,0
drift_200ppm,1200.0,silero,model,ok,1227.4374999999998,1200.0,27.437499999999773,60.0,40.0,0.0,0,0,0
drift_200ppm,1200.0,silero,sip,ok,1267.4374999999998,1260.0,7.437499999999773,60.0,40.0,0.0,0,0,0
pstn_full,100.0,energy,model,ok,114.74999999999991,100.0,14.749999999999915,60.0,60.00000000000006,3.857566765578635,0,13,0
pstn_full,100.0,energy,sip,ok,174.74999999999997,160.0,14.749999999999972,60.0,60.00000000000006,3.857566765578635,0,13,0
pstn_full,100.0,silero,model,ok,107.75000000000023,100.0,7.750000000000227,60.0,72.00000000000006,3.857566765578635,0,13,0
pstn_full,100.0,silero,sip,ok,179.75000000000028,160.0,19.750000000000284,60.0,72.00000000000006,3.857566765578635,0,13,0
pstn_full,200.0,energy,model,ok,214.75,200.0,14.75,60.0,64.99999999999994,3.857566765578635,0,13,0
pstn_full,200.0,energy,sip,ok,279.74999999999994,260.0,19.749999999999943,60.0,64.99999999999994,3.857566765578635,0,13,0
pstn_full,200.0,silero,model,ok,203.7499999999999,200.0,3.7499999999998863,60.0,72.00000000000006,3.857566765578635,0,13,0
pstn_full,200.0,silero,sip,ok,275.74999999999994,260.0,15.749999999999943,60.0,72.00000000000006,3.857566765578635,0,13,0
pstn_full,500.0,energy,model,ok,519.7500000000001,500.0,19.750000000000114,60.0,60.000000000000114,3.857566765578635,0,13,0
pstn_full,500.0,energy,sip,ok,579.7500000000002,560.0,19.750000000000227,60.0,60.000000000000114,3.857566765578635,0,13,0
pstn_full,500.0,silero,model,ok,523.7500000000001,500.0,23.750000000000114,60.0,40.000000000000114,3.857566765578635,0,13,0
pstn_full,500.0,silero,sip,ok,563.7500000000002,560.0,3.7500000000002274,60.0,40.000000000000114,3.857566765578635,0,13,0
pstn_full,900.0,energy,model,ok,914.7500000000002,900.0,14.750000000000227,60.0,64.99999999999989,3.857566765578635,0,13,0
pstn_full,900.0,energy,sip,ok,979.7500000000001,960.0,19.750000000000114,60.0,64.99999999999989,3.857566765578635,0,13,0
pstn_full,900.0,silero,model,ok,907.75,900.0,7.75,60.0,72.00000000000011,3.857566765578635,0,13,0
pstn_full,900.0,silero,sip,ok,979.7500000000001,960.0,19.750000000000114,60.0,72.00000000000011,3.857566765578635,0,13,0
pstn_full,1200.0,energy,model,ok,1219.75,1200.0,19.75,60.0,60.0,3.857566765578635,0,13,0
pstn_full,1200.0,energy,sip,ok,1279.75,1260.0,19.75,60.0,60.0,3.857566765578635,0,13,0
pstn_full,1200.0,silero,model,ok,1227.75,1200.0,27.75,60.0,40.0,3.857566765578635,0,13,0
pstn_full,1200.0,silero,sip,ok,1267.75,1260.0,7.75,60.0,40.0,3.857566765578635,0,13,0
