detector,viewpoint,condition,effect_ms,n_required,power_at_max_n,iqr_ms,n_source_trials
energy,local_user,nb8_ulaw,10.0,10.0,0.844,3.6,60
energy,local_user,nb8_ulaw,25.0,10.0,0.849,3.6,60
energy,local_user,nb8_ulaw,50.0,10.0,0.845,3.6,60
energy,local_user,nb8_ulaw,100.0,10.0,1.0,3.6,60
energy,local_user,pstn_typical,10.0,15.0,0.931,4.3,60
energy,local_user,pstn_typical,25.0,10.0,0.855,4.3,60
energy,local_user,pstn_typical,50.0,10.0,0.851,4.3,60
energy,local_user,pstn_typical,100.0,10.0,1.0,4.3,60
energy,local_user,pstn_poor,10.0,30.0,0.894,5.0,60
energy,local_user,pstn_poor,25.0,20.0,0.907,5.0,60
energy,local_user,pstn_poor,50.0,10.0,0.853,5.0,60
energy,local_user,pstn_poor,100.0,10.0,1.0,5.0,60
energy,wire,ref_16k,10.0,10.0,0.86,3.6,60
energy,wire,ref_16k,25.0,10.0,0.846,3.6,60
energy,wire,ref_16k,50.0,10.0,0.856,3.6,60
energy,wire,ref_16k,100.0,10.0,1.0,3.6,60
energy,wire,nb8_ulaw,10.0,15.0,0.925,3.7,60
energy,wire,nb8_ulaw,25.0,15.0,0.913,3.7,60
energy,wire,nb8_ulaw,50.0,10.0,0.852,3.7,60
energy,wire,nb8_ulaw,100.0,10.0,1.0,3.7,60
energy,wire,pstn_typical,10.0,30.0,0.891,6.4,60
energy,wire,pstn_typical,25.0,15.0,0.825,6.4,60
energy,wire,pstn_typical,50.0,10.0,0.856,6.4,60
energy,wire,pstn_typical,100.0,10.0,1.0,6.4,60
energy,wire,pstn_poor,10.0,80.0,0.817,22.3,60
energy,wire,pstn_poor,25.0,40.0,0.883,22.3,60
energy,wire,pstn_poor,50.0,15.0,0.874,22.3,60
energy,wire,pstn_poor,100.0,10.0,0.994,22.3,60
silero,local_user,nb8_ulaw,10.0,480.0,0.904,38.3,60
silero,local_user,nb8_ulaw,25.0,80.0,0.887,38.3,60
silero,local_user,nb8_ulaw,50.0,20.0,0.808,38.3,60
silero,local_user,nb8_ulaw,100.0,15.0,0.918,38.3,60
silero,local_user,pstn_typical,10.0,,0.575,90.4,60
silero,local_user,pstn_typical,25.0,160.0,0.859,90.4,60
silero,local_user,pstn_typical,50.0,40.0,0.831,90.4,60
silero,local_user,pstn_typical,100.0,15.0,0.871,90.4,60
silero,local_user,pstn_poor,10.0,,0.662,88.4,60
silero,local_user,pstn_poor,25.0,120.0,0.822,88.4,60
silero,local_user,pstn_poor,50.0,40.0,0.889,88.4,60
silero,local_user,pstn_poor,100.0,15.0,0.892,88.4,60
silero,wire,ref_16k,10.0,240.0,0.902,31.3,60
silero,wire,ref_16k,25.0,40.0,0.877,31.3,60
silero,wire,ref_16k,50.0,15.0,0.87,31.3,60
silero,wire,ref_16k,100.0,15.0,0.913,31.3,60
silero,wire,nb8_ulaw,10.0,,0.666,63.5,60
silero,wire,nb8_ulaw,25.0,120.0,0.832,63.5,60
silero,wire,nb8_ulaw,50.0,40.0,0.898,63.5,60
silero,wire,nb8_ulaw,100.0,15.0,0.899,63.5,60
silero,wire,pstn_typical,10.0,,0.288,139.5,60
silero,wire,pstn_typical,25.0,320.0,0.824,139.5,60
silero,wire,pstn_typical,50.0,120.0,0.931,139.5,60
silero,wire,pstn_typical,100.0,30.0,0.887,139.5,60
silero,wire,pstn_poor,10.0,,0.35,113.4,60
silero,wire,pstn_poor,25.0,320.0,0.905,113.4,60
silero,wire,pstn_poor,50.0,80.0,0.858,113.4,60
silero,wire,pstn_poor,100.0,30.0,0.92,113.4,60
